file_name,seed,ited,sized,td,rd,time
h200RC2_2_2.csv,3,30,30,4173.499984596601,-100,342.9101314544678
