file_name,seed,ited,sized,td,rd,time
h400RC2_4_2.csv,3,10,30,13495.951982238175,-300,495.3908085823059
